Product_Code_ID,Product_Code
1,21232
2,21523
3,21871
4,22041
5,22064
6,79323P
7,79323W
8,85048
9,22195
10,22349
11,22350
12,22353
13,21181
14,21333
15,21754
16,21755
17,21756
18,22107
19,22109
20,22111
21,22119
22,22142
23,22194
24,22295
25,22296
26,35004B
27,48173C
28,82582
29,84596F
30,84596L
31,84879
32,10002
33,20695
34,20703
35,20971
36,21351
37,21352
38,21360
39,21364
40,21912
41,21987
42,21989
43,22112
44,22130
45,22143
46,22145
47,22271
48,22272
49,22274
50,35400
51,37370
52,84507B
53,84970S
54,20711
55,21033
56,21100
57,21252
58,21329
59,21410
60,21411
61,84031A
62,84031B
63,84032A
64,84032B
65,84519A
66,84519B
67,85132A
68,85132C
69,85183A
70,85183B
71,16161P
72,16169N
73,20749
74,21491
75,21493
76,21731
77,22065
78,22138
79,22139
80,22333
81,22352
82,84691
83,85014A
84,85014B
85,85216
86,85232B
87,POST
88,22321
89,84029E
90,21428
91,21430
92,21582
93,21586
94,21590
95,21790
96,21888
97,21916
98,21955
99,22024
100,22025
101,22026
102,22029
103,22031
104,22091
105,84251J
106,84899E
107,85123A
108,85178
109,20754
110,21035
111,21041
112,82001S
113,82580
114,85150
115,18097C
116,21085
117,21091
118,21099
119,21299
120,21929
121,22128
122,22163
123,22180
124,22219
125,22241
126,22253
127,35916B
128,35916C
129,35951
130,84988
131,20724
132,20725
133,20726
134,20728
135,21217
136,21485
137,21592
138,21671
139,21733
140,21928
141,22083
142,22086
143,22114
144,22125
145,22178
146,22199
147,22294
148,22356
149,85066
150,85099B
151,20823
152,20825
153,20826
154,20827
155,21895
156,21896
157,22087
158,22090
159,84946
160,85206A
161,21977
162,22179
163,22232
164,22273
165,22320
166,79323S
167,84568
168,84598
169,84991
170,21159
171,21161
172,21162
173,21212
174,21248
175,21668
176,21669
177,21670
178,21672
179,21673
180,22063
181,37450
182,72756
183,82483
184,82486
185,82494L
186,85071A
187,85071B
188,90003B
189,90003C
190,90003D
191,90082D
192,90185B
193,90185C
194,90200A
195,90200B
196,90200C
197,90200D
198,90200E
199,90209A
200,90209C
201,20747
202,20751
203,20752
204,20753
205,21481
206,21706
207,21707
208,21708
209,21710
210,21711
211,48185
212,72760B
213,85042
214,20870
215,20967
216,20970
217,20972
218,21058
219,21063
220,21231
221,21482
222,21484
223,21490
224,21930
225,22300
226,22301
227,84327A
228,84582
229,84997C
230,84997D
231,90062
232,90121B
233,90175A
234,90195B
235,21472
236,21479
237,22275
238,47566B
239,20719
240,20892
241,20897
242,21179
243,21241
244,21245
245,21258
246,21470
247,21791
248,21864
249,21865
250,21867
251,21869
252,21876
253,37446
254,37449
255,37485
256,44230
257,47591D
258,71477
259,72783
260,82551
261,82567
262,82613D
263,84849B
264,84997A
265,16207A
266,20675
267,21244
268,21584
269,21705
270,21821
271,21837
272,21913
273,21931
274,22122
275,22319
276,22335
277,47591A
278,84791
279,84951A
280,84997B
281,85129A
282,20982
283,20984
284,21133
285,21326
286,21371
287,21908
288,22276
289,82616B
290,84884A
291,84912B
292,84949
293,84971L
294,85014C
295,85014D
296,85152
297,90000A
298,90013C
299,90023
300,90024B
301,90036D
302,90067A
303,90067B
304,90131
305,90134
306,90145
307,90168
308,90199C
309,20734
310,20828
311,21172
312,21784
313,21842
314,22080
315,22082
316,22089
317,22121
318,22212
319,22282
320,35071
321,35751C
322,48187
323,48195
324,72739B
325,72741
326,82600
327,84836
328,85232D
329,10133
330,10135
331,16225
332,20676
333,20677
334,20685
335,20782
336,20987
337,20989
338,21086
339,21094
340,21136
341,21143
342,21166
343,21174
344,21175
345,21238
346,21239
347,21240
348,21489
349,21495
350,21587
351,21588
352,21638
353,21639
354,21817
355,21818
356,21819
357,21826
358,21827
359,21828
360,21829
361,21832
362,21833
363,21868
364,21870
365,21875
366,21889
367,21948
368,22075
369,22076
370,22077
371,22103
372,22113
373,22115
374,22127
375,22154
376,22155
377,22190
378,22197
379,22218
380,22222
381,22302
382,22303
383,22304
384,22305
385,22315
386,37424
387,37492A
388,37492C
389,47505
390,48111
391,48194
392,72724
393,79323LP
394,79341
395,79342B
396,84007
397,84012
398,84029G
399,85044
400,85045
401,85049A
402,85049E
403,15056BL
404,15056N
405,16169F
406,20682
407,20718
408,20914
409,20964
410,21242
411,21498
412,21527
413,21531
414,21533
415,21535
416,21537
417,21539
418,21788
419,21789
420,21844
421,21976
422,22072
423,22073
424,22254
425,22255
426,46000S
427,84832
428,84948
429,16156N
430,20619
431,20622
432,20657
433,20660
434,20673
435,20748
436,20767
437,20773
438,20774
439,20777
440,21004
441,21081
442,21122
443,21124
444,21429
445,21431
446,21500
447,21544
448,21726
449,21866
450,22028
451,22030
452,22036
453,22037
454,48129
455,72754B
456,72802B
457,84402D
458,84520B
459,84660B
460,85063
461,21034
462,21591
463,72801E
464,79029
465,16235
466,21980
467,21985
468,22070
469,22071
470,72008
471,84270
472,84347
473,84990
474,85049C
475,85049D
476,85231B
477,85231E
478,21353
479,21534
480,21538
481,21540
482,22118
483,22203
484,79067
485,84352
486,85053
487,16047
488,17091J
489,17164D
490,20655
491,20712
492,20713
493,20727
494,20814
495,20956
496,20960
497,20961
498,20966
499,20975
500,21018
501,21068
502,21071
503,21186
504,21356
505,21357
506,21375
507,21377
508,21379
509,21440
510,21480
511,21561
512,21577
513,21578
514,21579
515,21581
516,21611
517,21650
518,21677
519,21680
520,21730
521,21747
522,21786
523,21809
524,21890
525,21892
526,21918
527,21934
528,21990
529,22068
530,22147
531,22150
532,22174
533,22185
534,22186
535,22189
536,22330
537,22355
538,35991
539,35995
540,47504F
541,47504K
542,48179
543,51012C
544,70006
545,70007
546,84375
547,84388
548,84671B
549,84952B
550,85033S
551,85170A
552,85170D
553,85227
554,20829
555,20968
556,20969
557,21016
558,21407
559,21486
560,21488
561,21737
562,21777
563,21812
564,21813
565,21993
566,22207
567,48184
568,48188
569,72800E
570,72800F
571,72801F
572,72801G
573,75013B
574,84898F
575,84899F
576,85231G
577,16237
578,20692
579,21700
580,37461
581,85040B
582,85041
583,21732
584,37410
585,21080
586,21967
587,84251F
588,18010
589,20756
590,20758
591,21125
592,21126
593,22079
594,22081
595,22102
596,22110
597,22152
598,35954
599,35955
600,35957
601,72267
602,84977
603,20768
604,21082
605,21781
606,22169
607,22196
608,22201
609,37503
610,47568
611,47591B
612,84050
613,84782A
614,84782C
615,84933A
616,84933B
617,21593
618,22085
619,22348
620,85061W
621,85099C
622,21612
623,21615
624,21618
625,21619
626,21637
627,21770
628,37500
629,84968B
630,84968C
631,84968F
632,85049B
633,85049G
634,85231L
635,21223
636,21576
637,21580
638,21900
639,21901
640,21902
641,85049H
642,20665
643,20750
644,20866
645,20867
646,20974
647,20977
648,20979
649,20981
650,20983
651,21114
652,21621
653,21622
654,21624
655,21738
656,21740
657,21841
658,22280
659,35971
660,82482
661,84837
662,85232A
663,16169C
664,16169D
665,21017
666,21039
667,21210
668,21424
669,21426
670,21432
671,21439
672,21098
673,21891
674,22415
675,16161C
676,17108D
677,17165B
678,17165D
679,21805
680,35160
681,35931
682,35933
683,84578
684,84901
685,85208
686,90084
687,90085
688,90087
689,90088
690,90090
691,90092
692,90093
693,90125A
694,20942
695,20943
696,20978
697,20992
698,20994
699,21806
700,21807
701,21815
702,21816
703,22153
704,35051B
705,72816
706,84029C
707,84077
708,84466
709,84559A
710,84670
711,85038
712,20681
713,21344
714,21477
715,21822
716,21825
717,22151
718,22156
719,22277
720,22336
721,22337
722,22338
723,35962
724,35979
725,47566
726,84472
727,84580
728,84622
729,84648
730,84656
731,84910A
732,85047
733,90125C
734,90125D
735,90214H
736,20901
737,21156
738,22172
739,85067
740,21463
741,21649
742,21761
743,72127
744,84839
745,84929
746,84992
747,85064
748,85162A
749,21804
750,84706C
751,20894
752,21724
753,21741
754,22162
755,22297
756,72799D
757,84813
758,85036C
759,85071D
760,85104
761,20812
762,21066
763,21067
764,21069
765,21070
766,21214
767,21314
768,21465
769,21466
770,21467
771,21471
772,21508
773,21524
774,21528
775,21530
776,21532
777,21545
778,21547
779,21548
780,21549
781,21684
782,21911
783,21947
784,21949
785,21986
786,22027
787,22035
788,22325
789,37444A
790,37444B
791,37444C
792,47021G
793,48197
794,84684
795,84975
796,84985A
797,84985B
798,85028L
799,85028S
800,85054
801,85055
802,85059
803,18096C
804,21313
805,21625
806,22034
807,22042
808,84247C
809,84340
810,84509A
811,84510A
812,84754
813,85147
814,17084J
815,20804
816,20940
817,20941
818,21014
819,21015
820,21260
821,21417
822,21553
823,21554
824,21745
825,21893
826,21917
827,22088
828,22093
829,22215
830,35924
831,40018E
832,40018F
833,71279
834,72798C
835,84288B
836,85176
837,21743
838,21744
839,22069
840,47591C
841,21385
842,85099F
843,21155
844,21216
845,21218
846,21243
847,21246
848,21247
849,21412
850,21499
851,35001G
852,72799C
853,72799E
854,72799F
855,84854
856,84855
857,85136C
858,21213
859,21975
860,71028B
861,72140F
862,72487
863,84360
864,84755
865,84950
866,85174
867,85175
868,21768
869,72799B
870,84601A
871,84773
872,84970L
873,84984D
874,21335
875,35001W
876,72750C
877,72753A
878,84396
879,21735
880,22120
881,22187
882,22211
883,22283
884,48116
885,48189
886,84341B
887,85211
888,21257
889,21767
890,22171
891,85068
892,22055
893,22062
894,22131
895,22347
896,37447
897,37448
898,37502
899,72349B
900,79302M
901,84507C
902,84508A
903,84534B
904,84535B
905,84536B
906,84596B
907,84596E
908,84596G
909,84596K
910,20771
911,20886
912,21121
913,21469
914,21543
915,21642
916,21897
917,21898
918,72023F
919,72815
920,85090
921,85172
922,90167
923,16161U
924,20684
925,21042
926,21164
927,21165
928,21398
929,21497
930,21556
931,21843
932,21877
933,22051
934,22116
935,22117
936,47504E
937,47504G
938,82081
939,84934
940,84986B
941,85006
942,85199L
943,85199S
944,22165
945,20887
946,21685
947,21691
948,21692
949,46000M
950,46000P
951,84658
952,21814
953,20658
954,20659
955,21355
956,21541
957,47570B
958,51014C
959,72807B
960,84378
961,84380
962,21795
963,21796
964,72529W
965,72814
966,85125
967,85126
968,15036
969,10120
970,15034
971,15056P
972,16238
973,17003
974,17164B
975,21221
976,21742
977,35085E
978,84006
979,84199
980,84559B
981,84559D
982,20723
983,47556B
984,20830
985,20831
986,21272
987,22173
988,35095A
989,35095B
990,82578
991,82581
992,82583
993,84406B
994,84533B
995,84709B
996,84750A
997,84792
998,84987
999,85008
1000,85184C
1001,22214
1002,21108
1003,21111
1004,21112
1005,21349
1006,21640
1007,72807A
1008,85034A
1009,10125
1010,20716
1011,20729
1012,20730
1013,21025
1014,21031
1015,21589
1016,22167
1017,22231
1018,37343
1019,20770
1020,20776
1021,21839
1022,22023
1023,20679
1024,22191
1025,22192
1026,22193
1027,82597
1028,15044B
1029,15044D
1030,40016
1031,79323B
1032,79323G
1033,79323GR
1034,84358
1035,84814B
1036,22101
1037,21811
1038,84920
1039,16156S
1040,20765
1041,21137
1042,22246
1043,51008
1044,20913
1045,21107
1046,21396
1047,79072
1048,84509B
1049,84510B
1050,21658
1051,21810
1052,22339
1053,35594
1054,79534
1055,85112
1056,20934
1057,21354
1058,21610
1059,22095
1060,35004C
1061,72802A
1062,82615
1063,85220
1064,21323
1065,21341
1066,21340
1067,21347
1068,21504
1069,84947
1070,21259
1071,21304
1072,21448
1073,21734
1074,21752
1075,22134
1076,22181
1077,22184
1078,22322
1079,71459
1080,84371
1081,84795C
1082,16212
1083,35646
1084,35648
1085,35649
1086,35651
1087,85226C
1088,21154
1089,21255
1090,21286
1091,21359
1092,21529
1093,35096A
1094,47503K
1095,84536A
1096,85222
1097,85230F
1098,85031B
1099,21746
1100,22216
1101,22224
1102,20674
1103,20963
1104,21205
1105,21703
1106,84692
1107,85065
1108,22049
1109,20668
1110,21009
1111,21464
1112,22340
1113,84926B
1114,21192
1115,21558
1116,22144
1117,22148
1118,22198
1119,75049L
1120,84562B
1121,20780
1122,84078A
1123,20772
1124,21709
1125,22278
1126,21328
1127,21739
1128,47503F
1129,84925A
1130,84925E
1131,20761
1132,20865
1133,20976
1134,20991
1135,21078
1136,84279B
1137,84989A
1138,85039B
1139,85049F
1140,85107
1141,85113
1142,85170C
1143,90042A
1144,90042B
1145,17109A
1146,17109C
1147,20998
1148,21645
1149,21647
1150,21981
1151,21026
1152,79328
1153,22343
1154,22344
1155,22345
1156,22346
1157,17084R
1158,21838
1159,21983
1160,85135A
1161,85135B
1162,16258B
1163,20869
1164,20985
1165,20986
1166,72796A
1167,72796B
1168,79190B
1169,79191C
1170,85035A
1171,85035C
1172,90214J
1173,90214S
1174,18097B
1175,21249
1176,21557
1177,21932
1178,21933
1179,21935
1180,21992
1181,22096
1182,22279
1183,37348
1184,37474
1185,72817
1186,84526
1187,84532B
1188,85088
1189,85221
1190,21163
1191,21663
1192,22175
1193,22176
1194,72811
1195,20621
1196,20686
1197,20714
1198,21102
1199,21253
1200,21312
1201,21609
1202,21617
1203,22123
1204,22313
1205,72803A
1206,82552
1207,82616C
1208,84520D
1209,84597C
1210,84802B
1211,84925C
1212,84926C
1213,21628
1214,22354
1215,35599B
1216,37476
1217,37501
1218,47580
1219,71053
1220,79065A
1221,79320
1222,79321
1223,84619
1224,84623
1225,84660C
1226,84968E
1227,20889
1228,21729
1229,22227
1230,84405A
1231,21327
1232,21425
1233,21106
1234,21135
1235,21614
1236,21007
1237,22208
1238,79329
1239,85103
1240,21115
1241,22135
1242,16012
1243,22200
1244,22202
1245,82616A
1246,84249D
1247,11001
1248,17033
1249,21012
1250,21330
1251,21507
1252,21880
1253,21881
1254,21882
1255,21883
1256,21884
1257,22046
1258,22331
1259,79192A
1260,79336
1261,85097B
1262,85111
1263,22157
1264,84952C
1265,17109B
1266,20669
1267,21518
1268,21519
1269,84510C
1270,84600
1271,10138
1272,21681
1273,35981C
1274,84828
1275,20736
1276,35961
1277,84510F
1278,17129D
1279,47579
1280,85162C
1281,21337
1282,72484
1283,37494A
1284,20906
1285,21077
1286,21391
1287,21694
1288,84708B
1289,85018D
1290,85032A
1291,90035B
1292,90035C
1293,90082A
1294,20990
1295,21559
1296,21679
1297,21973
1298,22309
1299,35914
1300,35918B
1301,47590A
1302,72024U
1303,72779
1304,79163
1305,84969
1306,85032D
1307,85230G
1308,21820
1309,35610B
1310,85164B
1311,85168A
1312,85168B
1313,21251
1314,21676
1315,21924
1316,21937
1317,22047
1318,78056
1319,84795E
1320,85226A
1321,21146
1322,22084
1323,85177
1324,18007
1325,20818
1326,21551
1327,21552
1328,21725
1329,22097
1330,72754D
1331,84497
1332,84625C
1333,84874B
1334,85136A
1335,85185C
1336,90125E
1337,90129B
1338,47592A
1339,47593B
1340,21158
1341,21173
1342,22129
1343,22170
1344,37506
1345,37508
1346,47420
1347,21632
1348,47503G
1349,84620
1350,22341
1351,22342
1352,35793
1353,72818
1354,21256
1355,21211
1356,21390
1357,21972
1358,22061
1359,35809B
1360,35810B
1361,84688
1362,90002B
1363,90002C
1364,90002D
1365,90002E
1366,90072
1367,90073
1368,90139
1369,90147
1370,90148
1371,90155
1372,90175D
1373,90180A
1374,90190A
1375,90203
1376,90214A
1377,21468
1378,21704
1379,47570
1380,84247K
1381,84535A
1382,21655
1383,47556
1384,85185F
1385,20980
1386,21010
1387,21291
1388,21350
1389,22210
1390,71038
1391,84558A
1392,84818
1393,21872
1394,21873
1395,21874
1396,72598
1397,16202B
1398,20905
1399,21262
1400,21358
1401,35965
1402,46775B
1403,20693
1404,21171
1405,21384
1406,21388
1407,21444
1408,21494
1409,21665
1410,22054
1411,22265
1412,35004P
1413,35241
1414,47578A
1415,79030A
1416,79030G
1417,84247J
1418,84705A
1419,84705D
1420,84705F
1421,84971S
1422,85129C
1423,85151
1424,85163A
1425,85165
1426,85166A
1427,21282
1428,21613
1429,72351A
1430,84690
1431,21193
1432,35603C
1433,85080
1434,85114C
1435,21803
1436,21823
1437,21824
1438,20793
1439,85031C
1440,20618
1441,20620
1442,20783
1443,21267
1444,21348
1445,21846
1446,21944
1447,35471A
1448,35599D
1449,35911A
1450,37464
1451,37477B
1452,47563A
1453,72800A
1454,79160
1455,82011B
1456,82553
1457,84750B
1458,84765
1459,85025C
1460,85031A
1461,85033G
1462,85185B
1463,21555
1464,22260
1465,18098C
1466,20988
1467,22220
1468,35653
1469,35821P
1470,37327
1471,62018
1472,84572
1473,84875A
1474,90129C
1475,10080
1476,17084G
1477,17084N
1478,20950
1479,21011
1480,21550
1481,21849
1482,21851
1483,47569
1484,16201A
1485,16201B
1486,16202E
1487,20819
1488,20871
1489,21118
1490,35015
1491,35751D
1492,35968
1493,72038P
1494,72750A
1495,90014C
1496,20696
1497,40046A
1498,85089
1499,16202C
1500,22182
1501,22183
1502,85224
1503,22078
1504,22149
1505,85007
1506,22311
1507,22314
1508,21076
1509,22059
1510,22209
1511,84569D
1512,21285
1513,21402
1514,21403
1515,21134
1516,17136A
1517,21144
1518,35471D
1519,22177
1520,82607A
1521,82607C
1522,82607E
1523,72351B
1524,72369A
1525,72807C
1526,21438
1527,22228
1528,22270
1529,22284
1530,79000
1531,85017A
1532,21123
1533,21188
1534,21203
1535,21206
1536,21773
1537,22166
1538,85179A
1539,85179C
1540,85180A
1541,85180B
1542,85185D
1543,85185E
1544,16169M
1545,79164
1546,21629
1547,21769
1548,21666
1549,21687
1550,21688
1551,21693
1552,21696
1553,21651
1554,84993B
1555,16215
1556,85040A
1557,90083
1558,21380
1559,21145
1560,21185
1561,21294
1562,15039
1563,16161M
1564,21276
1565,21450
1566,21620
1567,21648
1568,21690
1569,22032
1570,22033
1571,22308
1572,22310
1573,35809A
1574,35810A
1575,35811A
1576,35832
1577,84537B
1578,84627
1579,84763
1580,21110
1581,21157
1582,84569C
1583,21914
1584,22132
1585,22133
1586,82605
1587,85131A
1588,20702
1589,21054
1590,21056
1591,21303
1592,20878
1593,21284
1594,21427
1595,21626
1596,21657
1597,21936
1598,22053
1599,22100
1600,22286
1601,22287
1602,22292
1603,22332
1604,84745A
1605,84745B
1606,84882
1607,85078
1608,10109
1609,21564
1610,21910
1611,22204
1612,37345
1613,79026B
1614,82613A
1615,82613B
1616,82613C
1617,84509G
1618,84687
1619,84902
1620,21984
1621,21153
1622,21127
1623,21306
1624,21536
1625,35953
1626,37422
1627,90214C
1628,90214D
1629,21187
1630,85083
1631,37333
1632,37423
1633,72799A
1634,82599
1635,84989B
1636,85173
1637,21643
1638,21644
1639,35817B
1640,35824C
1641,84875D
1642,46000U
1643,15059A
1644,15060B
1645,46776F
1646,84255B
1647,21000
1648,84912A
1649,84922
1650,84937
1651,85023B
1652,90011B
1653,90012B
1654,90019C
1655,90024C
1656,90178A
1657,90190B
1658,21509
1659,79190A
1660,79190D
1661,85114B
1662,21116
1663,10134
1664,21051
1665,21279
1666,47592B
1667,72803B
1668,84548
1669,84676
1670,16015
1671,20764
1672,35004G
1673,84706B
1674,85098B
1675,20893
1676,22334
1677,37441
1678,22074
1679,20733
1680,21392
1681,21682
1682,35958
1683,84721
1684,84725
1685,21506
1686,22057
1687,84247G
1688,72045D
1689,79338
1690,84581
1691,21055
1692,21288
1693,21324
1694,21667
1695,21728
1696,22098
1697,47562
1698,21389
1699,22291
1700,84906
1701,85136B
1702,35004S
1703,20738
1704,16014
1705,16016
1706,21446
1707,21447
1708,21899
1709,84761
1710,85079
1711,21422
1712,21664
1713,21683
1714,22164
1715,21942
1716,22067
1717,51012L
1718,84595E
1719,20861
1720,21224
1721,21542
1722,21656
1723,22158
1724,84680
1725,85167A
1726,20778
1727,20854
1728,20855
1729,21381
1730,81950B
1731,81950V
1732,90036C
1733,90184B
1734,35096B
1735,84030E
1736,85036A
1737,21903
1738,22323
1739,45008C
1740,84562A
1741,84880
1742,84993A
1743,C2
1744,21723
1745,90089
1746,37482P
1747,85179B
1748,21316
1749,21654
1750,35609A
1751,22299
1752,46776B
1753,85217
1754,21207
1755,46126A
1756,84625A
1757,84625D
1758,90040D
1759,90120C
1760,84356
1761,20760
1762,22040
1763,22045
1764,22048
1765,22050
1766,22052
1767,22099
1768,51014A
1769,51014L
1770,85017B
1771,85017C
1772,22223
1773,22324
1774,84945
1775,17107D
1776,17109D
1777,72755D
1778,72819
1779,79406
1780,84846A
1781,16169K
1782,16169P
1783,84932A
1784,84932B
1785,84932C
1786,84932D
1787,84933C
1788,20717
1789,47599A
1790,22258
1791,37408
1792,16011
1793,21215
1794,21250
1795,21974
1796,84795D
1797,84425A
1798,79191B
1799,85087
1800,21462
1801,22058
1802,21399
1803,20837
1804,21717
1805,22312
1806,37495
1807,79144B
1808,84625B
1809,85096
1810,85116
1811,85184D
1812,22318
1813,35969
1814,21661
1815,21662
1816,20688
1817,21630
1818,84469
1819,21274
1820,20766
1821,21332
1822,84924A
1823,84924D
1824,21280
1825,72801D
1826,84916
1827,85019C
1828,21194
1829,21195
1830,35597D
1831,21320
1832,21321
1833,21774
1834,72800B
1835,72800D
1836,84926D
1837,84926E
1838,84944
1839,35611B
1840,35598B
1841,35598D
1842,35600D
1843,82093
1844,21627
1845,20762
1846,47598
1847,16046
1848,21443
1849,21445
1850,79413
1851,M
1852,17001
1853,51020B
1854,20847
1855,21147
1856,21801
1857,47594B
1858,85032C
1859,75149N
1860,21779
1861,22066
1862,22317
1863,37492B
1864,37492D
1865,84427B
1866,21027
1867,21032
1868,16216
1869,21373
1870,21915
1871,47013C
1872,84509C
1873,84509F
1874,85023A
1875,85024A
1876,85024C
1877,16049
1878,21287
1879,72754A
1880,84705C
1881,85166B
1882,10123C
1883,21189
1884,21634
1885,21635
1886,21636
1887,22230
1888,84569B
1889,84608
1890,72753B
1891,21719
1892,46776D
1893,72122
1894,72586
1895,84753A
1896,35633B
1897,84978
1898,20652
1899,21456
1900,21457
1901,21458
1902,22146
1903,22229
1904,84452
1905,84456
1906,90040A
1907,90040C
1908,21802
1909,84247L
1910,90210A
1911,90210C
1912,90210D
1913,21830
1914,35932
1915,72751A
1916,72751B
1917,72752A
1918,72752B
1919,72802C
1920,84508B
1921,84508C
1922,21201
1923,21879
1924,79149B
1925,22060
1926,84830
1927,21338
1928,21785
1929,35271S
1930,21300
1931,17014C
1932,21397
1933,37482B
1934,35972
1935,85117
1936,21028
1937,21331
1938,84279P
1939,85129D
1940,90010A
1941,90184A
1942,90184C
1943,21418
1944,85142
1945,16219
1946,20699
1947,20868
1948,22263
1949,84569A
1950,84584
1951,84586L
1952,84592
1953,84593
1954,85214
1955,20704
1956,85197
1957,90126A
1958,90029
1959,90141A
1960,90141C
1961,90141E
1962,90195A
1963,90196A
1964,90196B
1965,21376
1966,21421
1967,40046C
1968,47351B
1969,84212
1970,84918
1971,90000D
1972,90001D
1973,90160D
1974,90161A
1975,90161C
1976,90161D
1977,21905
1978,44242B
1979,71406C
1980,85132B
1981,90214M
1982,84467
1983,21720
1984,82587
1985,85034B
1986,85035B
1987,85036B
1988,21109
1989,37489C
1990,90122B
1991,90161B
1992,20856
1993,20857
1994,20862
1995,20864
1996,20996
1997,21059
1998,21064
1999,21991
2000,72805
2001,84893
2002,90115
2003,77101A
2004,21191
2005,72232
2006,35443
2007,72780
2008,16244A
2009,16244B
2010,84429A
2011,85144
2012,21765
2013,84576
2014,21268
2015,21988
2016,22043
2017,84826
2018,84482
2019,21160
2020,22136
2021,22285
2022,84030C
2023,84845A
2024,84845C
2025,84845D
2026,20833
2027,20617
2028,20654
2029,20662
2030,20775
2031,84201B
2032,84206A
2033,84206C
2034,90010B
2035,90010E
2036,90150
2037,90152B
2038,90159
2039,90179B
2040,40001
2041,84819
2042,90060C
2043,90060D
2044,90060F
2045,21265
2046,21084
2047,20735
2048,18094C
2049,35909B
2050,84795A
2051,20936
2052,35833G
2053,35833P
2054,84795B
2055,85039A
2056,17091A
2057,17091B
2058,17091F
2059,84952A
2060,35976B
2061,90214L
2062,90214N
2063,90214R
2064,90214T
2065,35537
2066,84789
2067,21293
2068,21370
2069,21652
2070,21204
2071,21308
2072,72753C
2073,72753D
2074,47554
2075,21563
2076,21906
2077,20653
2078,84741C
2079,85071C
2080,85135C
2081,21219
2082,21697
2083,21689
2084,90111
2085,90112
2086,20757
2087,20763
2088,20769
2089,72739C
2090,72740A
2091,20731
2092,47590B
2093,84870B
2094,85025B
2095,15044A
2096,22105
2097,22256
2098,22267
2099,84454
2100,84459B
2101,85186A
2102,85186C
2103,85194L
2104,85196
2105,85198
2106,85200
2107,21714
2108,82585
2109,20755
2110,35598A
2111,85015
2112,90002A
2113,90214K
2114,22141
2115,47016
2116,72128
2117,84661A
2118,84925D
2119,21736
2120,35967
2121,20781
2122,16020C
2123,16256B
2124,16259
2125,71143
2126,20700
2127,20701
2128,20705
2129,21319
2130,21365
2131,21395
2132,21722
2133,47347B
2134,84522
2135,84746
2136,90035A
2137,90099
2138,90100
2139,16161E
2140,17039
2141,17061
2142,17084P
2143,21130
2144,35838A
2145,72750D
2146,21674
2147,16236
2148,21065
2149,21222
2150,21400
2151,21401
2152,22124
2153,47593A
2154,81985A
2155,20615
2156,22044
2157,84663A
2158,20671
2159,20672
2160,21199
2161,79191D
2162,84744
2163,20721
2164,20910
2165,22108
2166,47503J
2167,72800C
2168,84029D
2169,85171
2170,90214P
2171,20863
2172,84539
2173,20689
2174,84617
2175,84707A
2176,21043
2177,21220
2178,21408
2179,47480
2180,85162B
2181,21261
2182,90081A
2183,90192
2184,20931
2185,20661
2186,20799
2187,20803
2188,37467
2189,21520
2190,22094
2191,20832
2192,82076
2193,85124A
2194,85124B
2195,85124C
2196,21339
2197,47559B
2198,85016
2199,22168
2200,35840
2201,21289
2202,21292
2203,79030D
2204,22104
2205,85118
2206,16048
2207,84705B
2208,20895
2209,21336
2210,35923
2211,46118
2212,20898
2213,20903
2214,21780
2215,21847
2216,22056
2217,84615
2218,84682
2219,17178
2220,21904
2221,21200
2222,21775
2223,85230B
2224,85230E
2225,21378
2226,90125B
2227,84564
2228,85084
2229,84968D
2230,85034C
2231,84827
2232,21060
2233,21675
2234,21721
2235,37340
2236,37432
2237,37484
2238,44265
2239,47503E
2240,47503H
2241,84678
2242,21659
2243,21757
2244,BANK CHARGES
2245,21269
2246,21270
2247,21277
2248,84849A
2249,20851
2250,35233
2251,84707B
2252,20666
2253,21309
2254,21764
2255,21836
2256,85060
2257,85106
2258,85169A
2259,85169C
2260,20935
2261,21040
2262,20997
2263,21616
2264,21275
2265,20888
2266,20670
2267,21061
2268,21062
2269,21698
2270,85130D
2271,21264
2272,84549
2273,84551
2274,21437
2275,79066K
2276,84367
2277,84597B
2278,84664
2279,84665
2280,84666
2281,71215
2282,17129F
2283,79303D
2284,22244
2285,22245
2286,84869
2287,20896
2288,20899
2289,84626
2290,16162L
2291,21228
2292,90027B
2293,90027D
2294,90120A
2295,90120B
2296,90120D
2297,20795
2298,20796
2299,21322
2300,21631
2301,22290
2302,16239
2303,84972L
2304,84909A
2305,84919
2306,84984C
2307,85184B
2308,22233
2309,85018C
2310,21343
2311,22316
2312,85121B
2313,22293
2314,35973
2315,90057
2316,35838B
2317,85020
2318,17191A
2319,21808
2320,22217
2321,35645
2322,47341B
2323,82095
2324,85081
2325,20993
2326,90214B
2327,90214I
2328,90214O
2329,71403
2330,84563A
2331,84575B
2332,17013B
2333,17181
2334,35815B
2335,35821B
2336,35824B
2337,20707
2338,84685
2339,22236
2340,21366
2341,90214Z
2342,16168M
2343,16168S
2344,17096
2345,21167
2346,22281
2347,85026B
2348,47597
2349,35837
2350,16033
2351,85230D
2352,85230C
2353,20680
2354,20952
2355,21096
2356,85161
2357,90214E
2358,90214F
2359,90058A
2360,72708
2361,72771C
2362,72789
2363,90039C
2364,90040B
2365,90194
2366,90210B
2367,16169G
2368,84081
2369,21117
2370,84683
2371,85062
2372,16051
2373,20663
2374,21943
2375,21945
2376,84414B
2377,85072
2378,21845
2379,16119
2380,47552A
2381,47567B
2382,90137
2383,90138
2384,84815
2385,72131
2386,90013A
2387,22252
2388,20877
2389,20881
2390,20884
2391,72728
2392,22242
2393,90177A
2394,90177B
2395,90177C
2396,90177D
2397,90177E
2398,84876B
2399,90026C
2400,90069
2401,17090A
2402,20879
2403,21278
2404,21281
2405,21758
2406,85215
2407,20848
2408,20683
2409,84968A
2410,47504J
2411,21894
2412,84859A
2413,84859C
2414,75131
2415,85109
2416,84802A
2417,21283
2418,35607B
2419,90000B
2420,90001C
2421,90024E
2422,85069
2423,35607A
2424,84659A
2425,21307
2426,16207B
2427,21415
2428,35936
2429,20939
2430,72771B
2431,72785A
2432,72785B
2433,84673A
2434,84712B
2435,21678
2436,84550
2437,16258A
2438,20933
2439,21225
2440,21226
2441,37491C
2442,72801C
2443,75011
2444,84459A
2445,84913A
2446,21946
2447,35911B
2448,46775A
2449,46775E
2450,62097A
2451,72812
2452,84686
2453,21473
2454,90000C
2455,90024D
2456,90065A
2457,90065B
2458,90124B
2459,90026B
2460,90180B
2461,90182C
2462,90211B
2463,90212C
2464,21317
2465,62074B
2466,35999
2467,84876C
2468,22307
2469,17090D
2470,85230A
2471,20697
2472,90201A
2473,22306
2474,37489A
2475,72130
2476,72133
2477,72134
2478,85225
2479,21413
2480,21441
2481,84711A
2482,90034
2483,90060B
2484,90123A
2485,90140
2486,90146
2487,22243
2488,21311
2489,90214G
2490,47369B
2491,72772
2492,35910A
2493,21715
2494,21716
2495,37438
2496,84921
2497,46775D
2498,21190
2499,22247
2500,22248
2501,22249
2502,22250
2503,22360
2504,71101A
2505,71101E
2506,85212
2507,85213
2508,20882
2509,15030
2510,72793
2511,35637A
2512,16256C
2513,21416
2514,22268
2515,18098B
2516,21318
2517,35597B
2518,84255A
2519,37399
2520,TEST001
2521,21414
2522,21695
2523,84767
2524,21202
2525,37475
2526,22262
2527,21713
2528,17007B
2529,21036
2530,85093
2531,84621
2532,15044C
2533,84251C
2534,20902
2535,21850
2536,21372
2537,22021
2538,85206B
2539,90129A
2540,35001P
2541,84824
2542,44234
2543,18098A
2544,20858
2545,21298
2546,21749
2547,21750
2548,35980C
2549,72750B
2550,17038
2551,47589
2552,21699
2553,21702
2554,90186A
2555,90190C
2556,84570B
2557,48138
2558,21641
2559,84782B
2560,47502
2561,90004A
2562,90059C
2563,90059D
2564,90059E
2565,90082B
2566,20664
2567,85129B
2568,85030
2569,85141
2570,20846
2571,84313A
2572,84313B
2573,84595B
2574,47594A
2575,85119
2576,35937
2577,35966
2578,85167B
2579,90048
2580,48175
2581,81952V
2582,84529A
2583,84529C
2584,47583B
2585,85160A
2586,85160B
2587,21718
2588,84086C
2589,84976
2590,85018A
2591,85018B
2592,35963
2593,21090
2594,84631
2595,85127
2596,20849
2597,21001
2598,90129D
2599,90129E
2600,90129F
2601,22137
2602,35652
2603,17011C
2604,17011D
2605,17011E
2606,17011F
2607,17012E
2608,17013C
2609,17013D
2610,84616
2611,16043
2612,84450A
2613,85189
2614,85190
2615,21209
2616,84847
2617,47013A
2618,84926F
2619,84927F
2620,90016B
2621,90018B
2622,21208
2623,84905
2624,84907
2625,21030
2626,82069
2627,21503
2628,51020A
2629,84942
2630,21475
2631,35930
2632,35964
2633,35974
2634,22266
2635,84706A
2636,21128
2637,84732B
2638,84732D
2639,21496
2640,47581B
2641,20820
2642,20759
2643,37352
2644,20845
2645,16202A
2646,90206A
2647,22221
2648,37379A
2649,35001B
2650,22188
2651,21095
2652,72781
2653,85121C
2654,90020
2655,90043
2656,90186B
2657,85145
2658,20667
2659,84675
2660,84870C
2661,21419
2662,22269
2663,47343A
2664,47344B
2665,84051
2666,85131D
2667,71510
2668,85130A
2669,90199D
2670,20932
2671,22251
2672,84801B
2673,84856L
2674,84877A
2675,47310M
2676,44091C
2677,21525
2678,TEST002
2679,35915A
2680,35915B
2681,35915C
2682,84748
2683,85195
2684,40002
2685,71270
2686,84661B
2687,84838
2688,21198
2689,44092C
2690,20784
2691,20840
2692,48103
2693,84657
2694,84689
2695,21852
2696,35980B
2697,35603B
2698,72129
2699,79051A
2700,35598C
2701,35945
2702,84499
2703,84858C
2704,21374
2705,84422
2706,84563B
2707,21038
2708,90036E
2709,90143
2710,90175B
2711,72132
2712,84931A
2713,85128
2714,72755C
2715,22038
2716,22039
2717,84247H
2718,84673B
2719,20885
2720,90165B
2721,90014A
2722,90014B
2723,90052
2724,21369
2725,22092
2726,37112
2727,46776A
2728,46776C
2729,46776E
2730,78124
2731,79337
2732,21420
2733,84596J
2734,21442
2735,22261
2736,84292B
2737,85203
2738,17129C
2739,85043
2740,22365
2741,22366
2742,35654
2743,85130C
2744,21772
2745,84614C
2746,84674
2747,84804B
2748,22288
2749,84798A
2750,84798C
2751,84801A
2752,85194S
2753,21363
2754,21092
2755,85019A
2756,85169B
2757,90096
2758,90098
2759,84967B
2760,20850
2761,22358
2762,47574B
2763,84974
2764,22357
2765,37462B
2766,84803A
2767,84807
2768,79144C
2769,20694
2770,22264
2771,35910B
2772,35912B
2773,35913B
2774,20715
2775,84798B
2776,84805B
2777,62096A
2778,62096B
2779,84856S
2780,79403
2781,84611B
2782,20839
2783,85163B
2784,90144
2785,21562
2786,22326
2787,22328
2788,20794
2789,82011C
2790,84867A
2791,84917
2792,85091
2793,47587A
2794,84762A
2795,20616
2796,84464
2797,84612B
2798,21393
2799,84250M
2800,84984A
2801,84984B
2802,22289
2803,22329
2804,22367
2805,22414
2806,22327
2807,16156L
2808,35922
2809,47599B
2810,84843
2811,85188A
2812,85188B
2813,72606A
2814,47583A
2815,84706D
2816,21367
2817,21368
2818,46138B
2819,85110
2820,84925F
2821,84951B
2822,21383
2823,84437A
2824,85205B
2825,85169D
2826,90011C
2827,90013D
2828,90058B
2829,90164B
2830,90165A
2831,81952B
2832,22161
2833,44235
2834,35637C
2835,84450B
2836,84842
2837,84599
2838,47367B
2839,84531B
2840,37409
2841,37489D
2842,84766
2843,82545A
2844,84455
2845,85218
2846,20791
2847,85086A
2848,84849D
2849,21653
2850,85202
2851,84762C
2852,84016
2853,84033
2854,22106
2855,84251G
2856,85232C
2857,20802
2858,21089
2859,21097
2860,90108
2861,72225C
2862,72225D
2863,17014A
2864,17014D
2865,16010
2866,21454
2867,90103
2868,20787
2869,17011A
2870,20698
2871,72796C
2872,21386
2873,85027L
2874,84306
2875,84653
2876,84458
2877,21409
2878,85023C
2879,90036A
2880,90036B
2881,21476
2882,84247N
2883,40003
2884,21478
2885,84966A
2886,84966B
2887,37330
2888,47469
2889,84800L
2890,84804A
2891,21002
2892,85092
2893,PADS
2894,16161G
2895,20798
2896,85024B
2897,21792
2898,21793
2899,21088
2900,20800
2901,84567
2902,47471
2903,22257
2904,79301
2905,84630
2906,21759
2907,84661C
2908,90032
2909,17014F
2910,84799
2911,85187
2912,20890
2913,20891
2914,21474
2915,37351
2916,85130B
2917,16044
2918,16254
2919,35921
2920,20785
2921,20786
2922,85032B
2923,17021
2924,22380
2925,22382
2926,22383
2927,44236
2928,15058A
2929,15058B
2930,15058C
2931,90128A
2932,90128B
2933,90162A
2934,90162D
2935,22381
2936,84231
2937,84457
2938,22259
2939,84509E
2940,84531A
2941,47481
2942,84806A
2943,22384
2944,85170B
2945,90005A
2946,22379
2947,35638A
2948,84865
2949,22378
2950,44241C
2951,21923
2952,37491B
2953,21394
2954,79303A
2955,21129
2956,22377
2957,84868A
2958,84868B
2959,ADJUST
2960,48173A
2961,20801
2962,84809A
2963,84809B
2964,35822B
2965,35822P
2966,21794
2967,78033
2968,35920
2969,84447
2970,21455
2971,84881
2972,21459
2973,71495B
2974,35916A
2975,47585A
2976,90024A
2977,90124A
2978,90199B
2979,84931B
2980,90122A
2981,90122C
2982,84800M
2983,85131C
2984,90208
2985,90209B
2986,21460
2987,21461
2988,21169
2989,21907
2990,22386
2991,90160B
2992,77081
2993,22385
2994,22495
2995,22496
2996,22411
2997,22413
2998,22494
2999,22412
3000,46000R
3001,84219
3002,84461
3003,85204
3004,21763
3005,22497
3006,22500
3007,90198B
3008,85039C
3009,17013F
3010,72821
3011,84218
3012,22417
3013,16206B
3014,22657
3015,17174
3016,62095B
3017,16052
3018,79071B
3019,37462E
3020,79140
3021,20822
3022,84927E
3023,84228
3024,84462
3025,84366
3026,90114
3027,90116
3028,35647
3029,22499
3030,90197D
3031,85205A
3032,84555A
3033,90214V
3034,47504H
3035,84857A
3036,22498
3037,35644
3038,84859B
3039,84876D
3040,84877D
3041,79303B
3042,17084A
3043,44089A
3044,44089C
3045,17027A
3046,47586A
3047,84923
3048,20816
3049,84249A
3050,84803B
3051,16053
3052,84465
3053,84927A
3054,17012C
3055,84723
3056,84908A
3057,37451
3058,72751C
3059,22416
3060,79157B
3061,85192S
3062,82072
3063,84820
3064,84817
3065,84192
3066,84706F
3067,84864A
3068,84715
3069,71495A
3070,84030B
3071,84311
3072,79331
3073,90082C
3074,90170
3075,90198A
3076,90202A
3077,90202C
3078,90202D
3079,82011A
3080,82011E
3081,22372
3082,21361
3083,84816
3084,90157
3085,84637
3086,84638
3087,62094B
3088,37489B
3089,22371
3090,20838
3091,22374
3092,22375
3093,22376
3094,47563B
3095,84529B
3096,46137D
3097,84760S
3098,44217M
3099,47421
3100,46307
3101,85094
3102,84510E
3103,21087
3104,90003E
3105,90025D
3106,90078
3107,90149
3108,90171
3109,90189A
3110,90189B
3111,72715
3112,84609
3113,37491A
3114,37491D
3115,84292
3116,84614A
3117,84227
3118,35816B
3119,35816P
3120,75178
3121,84711B
3122,90166
3123,37342
3124,79315W
3125,22432
3126,90039A
3127,90039B
3128,90039D
3129,90199A
3130,90206C
3131,22433
3132,84800S
3133,90127B
3134,35823P
3135,84575A
3136,90178B
3137,22431
3138,84762B
3139,84629
3140,84962
3141,84964A
3142,84964B
3143,84965A
3144,84965B
3145,84613A
3146,37488A
3147,35909A
3148,21387
3149,84751B
3150,47422
3151,22609
3152,16218
3153,72083A
3154,81953P
3155,22610
3156,21950
3157,37479B
3158,22608
3159,84226
3160,84770
3161,90163A
3162,21623
3163,71496A
3164,84877B
3165,62086A
3166,84546
3167,21760
3168,90162B
3169,90162C
3170,72051S
3171,84660A
3172,84805A
3173,84679
3174,84908B
3175,16054
3176,20836
3177,21003
3178,22489
3179,90027C
3180,90070
3181,90086
3182,84205C
3183,17012A
3184,17012B
3185,17012F
3186,84720
3187,84726
3188,84924F
3189,84926A
3190,21197
3191,77079
3192,84596I
3193,16045
3194,35950
3195,84858A
3196,20835
3197,37379B
3198,22456
3199,22457
3200,22483
3201,22458
3202,22459
3203,22465
3204,22467
3205,22464
3206,84796A
3207,84796B
3208,84797A
3209,84797B
3210,84872A
3211,84873A
3212,22477
3213,22478
3214,22480
3215,22482
3216,22466
3217,22485
3218,22488
3219,21686
3220,18097A
3221,22475
3222,22479
3223,22487
3224,22461
3225,90201B
3226,90201D
3227,22476
3228,16050
3229,22481
3230,90025B
3231,90025E
3232,90025F
3233,90037C
3234,90074
3235,90075
3236,90077
3237,90079
3238,90123B
3239,90130A
3240,90160C
3241,90176A
3242,90176C
3243,90183C
3244,47369A
3245,22474
3246,84251B
3247,22460
3248,22486
3249,79172D
3250,22468
3251,84821
3252,22568
3253,22569
3254,22570
3255,22586
3256,22587
3257,22565
3258,16245A
3259,22566
3260,22582
3261,22583
3262,22584
3263,22585
3264,22472
3265,79161A
3266,22505
3267,22509
3268,71434B
3269,22473
3270,16243B
3271,22471
3272,22508
3273,84632
3274,84913B
3275,22507
3276,21982
3277,90013B
3278,90130D
3279,90163B
3280,22512
3281,84743C
3282,84806B
3283,22511
3284,22513
3285,22631
3286,22659
3287,22617
3288,22618
3289,22363
3290,22423
3291,84313C
3292,84613C
3293,22510
3294,22359
3295,22361
3296,22364
3297,22362
3298,90037B
3299,22449
3300,22450
3301,22451
3302,20973
3303,22445
3304,85186B
3305,21196
3306,22429
3307,21452
3308,22446
3309,22448
3310,21310
3311,85019B
3312,37471
3313,90026A
3314,35970
3315,16008
3316,10124A
3317,72140E
3318,90011E
3319,90027A
3320,90071
3321,90187A
3322,90187B
3323,22453
3324,22454
3325,22452
3326,37509
3327,35824P
3328,90211A
3329,22447
3330,22441
3331,22444
3332,22443
3333,22442
3334,90019B
3335,90191
3336,21131
3337,21132
3338,22562
3339,22563
3340,22564
3341,22561
3342,46138D
3343,22555
3344,22556
3345,22551
3346,22560
3347,22554
3348,44242A
3349,22553
3350,22557
3351,22549
3352,22550
3353,22535
3354,21878
3355,22518
3356,22519
3357,22520
3358,22521
3359,22522
3360,22523
3361,22524
3362,22525
3363,21787
3364,22548
3365,22559
3366,40005B
3367,22544
3368,20953
3369,22539
3370,22528
3371,22526
3372,22567
3373,22390
3374,22393
3375,22396
3376,22399
3377,22402
3378,22405
3379,22406
3380,22407
3381,22408
3382,22409
3383,22410
3384,22543
3385,22545
3386,22546
3387,20958
3388,22517
3389,44091A
3390,85146
3391,72084B
3392,84814A
3393,90046
3394,22541
3395,22514
3396,22515
3397,22516
3398,22611
3399,22612
3400,90030A
3401,90030B
3402,90030C
3403,22530
3404,22534
3405,22529
3406,22533
3407,22536
3408,22532
3409,22538
3410,22540
3411,22547
3412,22403
3413,22537
3414,37326
3415,22398
3416,84915
3417,22389
3418,22391
3419,22400
3420,84527
3421,21633
3422,22531
3423,45016
3424,90151
3425,90152C
3426,22394
3427,90037A
3428,35638B
3429,90169
3430,22434
3431,22436
3432,22437
3433,22439
3434,22435
3435,20860
3436,90130C
3437,22605
3438,22606
3439,22607
3440,21922
3441,82484
3442,47348A
3443,22440
3444,21925
3445,22438
3446,21926
3447,21927
3448,20957
3449,22395
3450,21511
3451,22558
3452,D
3453,84875B
3454,90133
3455,84927D
3456,72709
3457,90135A
3458,71496B
3459,90064B
3460,90095
3461,47503A
3462,22469
3463,22470
3464,22719
3465,90185D
3466,84823
3467,90123C
3468,78027
3469,84731
3470,84858B
3471,90152A
3472,90173
3473,16169A
3474,16151A
3475,62043B
3476,22503
3477,22626
3478,84840
3479,90001B
3480,22625
3481,22627
3482,84760L
3483,22624
3484,22491
3485,22504
3486,22492
3487,22613
3488,22614
3489,22615
3490,22616
3491,22421
3492,22418
3493,22621
3494,22623
3495,22619
3496,22419
3497,22493
3498,22622
3499,22420
3500,22422
3501,47574A
3502,81953B
3503,22620
3504,85159A
3505,90091
3506,84914A
3507,85050
3508,46115B
3509,45013
3510,35819B
3511,20821
3512,35817P
3513,35818B
3514,35818P
3515,22427
3516,22430
3517,22644
3518,22645
3519,22646
3520,22647
3521,22649
3522,22650
3523,37483
3524,22424
3525,22425
3526,22426
3527,84757
3528,85070
3529,21382
3530,84086B
3531,22428
3532,10124G
3533,84963A
3534,84963B
3535,84967C
3536,85131B
3537,90175C
3538,22634
3539,22635
3540,22637
3541,22636
3542,17014E
3543,90001A
3544,90025C
3545,90028
3546,90160A
3547,22501
3548,85159B
3549,22502
3550,90049
3551,35265
3552,46037A
3553,84886
3554,22707
3555,90123D
3556,22704
3557,22705
3558,22710
3559,22711
3560,35240
3561,22713
3562,90018A
3563,90018C
3564,22712
3565,22714
3566,17011B
3567,84891B
3568,22715
3569,22716
3570,22718
3571,22706
3572,22708
3573,22709
3574,22717
3575,22864
3576,79308B
3577,35650
3578,90081C
3579,37481
3580,90158
3581,90214W
3582,90024F
3583,90026D
3584,90036F
3585,90154
3586,79532
3587,71050
3588,90201C
3589,84424A
3590,85115B
3591,84709A
3592,90164A
3593,37479P
3594,90038A
3595,90038C
3596,90042C
3597,84493
3598,16162M
3599,84857C
3600,62097B
3601,78034B
3602,90063A
3603,90181A
3604,90056
3605,85114A
3606,90104
3607,90128D
3608,90185A
3609,90119
3610,90126C
3611,90128C
3612,22701
3613,75172
3614,90037D
3615,22702
3616,22640
3617,90016A
3618,90016C
3619,90019A
3620,ADJUST2
3621,90094
3622,90102
3623,90124C
3624,22660
3625,22687
3626,22688
3627,22689
3628,22690
3629,22691
3630,22692
3631,90059F
3632,22703
3633,84247E
3634,22628
3635,22629
3636,22700
3637,22630
3638,22669
3639,84967A
3640,22668
3641,22666
3642,22667
3643,22665
3644,90041
3645,22655
3646,22656
3647,17012D
3648,45014
3649,10123G
3650,22588
3651,22589
3652,22591
3653,22593
3654,22595
3655,22596
3656,22600
3657,22602
3658,22603
3659,22573
3660,22574
3661,22576
3662,22577
3663,22578
3664,22579
3665,22581
3666,22594
3667,22601
3668,22652
3669,22639
3670,22642
3671,22643
3672,44092B
3673,22575
3674,22653
3675,22654
3676,22661
3677,22662
3678,22663
3679,90066A
3680,22580
3681,90188
3682,22641
3683,22664
3684,22961
3685,22963
3686,90202B
3687,22638
3688,22571
3689,22572
3690,22604
3691,22597
3692,22599
3693,22651
3694,22598
3695,22592
3696,22694
3697,22695
3698,22696
3699,90179C
3700,21585
3701,22693
3702,22753
3703,22754
3704,22755
3705,22759
3706,22752
3707,22756
3708,22757
3709,22758
3710,90212B
3711,22743
3712,22742
3713,22744
3714,35610A
3715,35610C
3716,22697
3717,22698
3718,22699
3719,90156
3720,22670
3721,22671
3722,22672
3723,22673
3724,22674
3725,22675
3726,22676
3727,22677
3728,22678
3729,22679
3730,22680
3731,22681
3732,22682
3733,22683
3734,22684
3735,22685
3736,22686
3737,90021
3738,90063B
3739,90064A
3740,90130B
3741,90176D
3742,85095
3743,22851
3744,84201C
3745,84206B
3746,84966C
3747,78026
3748,22751
3749,90038B
3750,35591T
3751,35597A
3752,22750
3753,22940
3754,22959
3755,22985
3756,22986
3757,22987
3758,22749
3759,90059A
3760,90059B
3761,22865
3762,22866
3763,22867
3764,22834
3765,22984
3766,22835
3767,21263
3768,47341A
3769,90054
3770,47518F
3771,22855
3772,22812
3773,22732
3774,22820
3775,22821
3776,22815
3777,22817
3778,22948
3779,22734
3780,22735
3781,22736
3782,22737
3783,22738
3784,22739
3785,22946
3786,22947
3787,22862
3788,22907
3789,22816
3790,22818
3791,22983
3792,22731
3793,22854
3794,22909
3795,22813
3796,22733
3797,22952
3798,22910
3799,22945
3800,22949
3801,22951
3802,22944
3803,22950
3804,22906
3805,22911
3806,22904
3807,22905
3808,22819
3809,22809
3810,22810
3811,16248B
3812,22908
3813,22806
3814,22938
3815,22807
3816,22808
3817,22632
3818,22814
3819,22863
3820,22804
3821,22726
3822,22727
3823,22729
3824,22730
3825,22725
3826,22728
3827,22745
3828,22746
3829,22747
3830,22748
3831,22894
3832,22895
3833,22900
3834,22903
3835,22898
3836,22899
3837,22896
3838,22902
3839,22897
3840,22939
3841,84415A
3842,84415B
3843,22811
3844,90205C
3845,22740
3846,22741
3847,22857
3848,22859
3849,22860
3850,22837
3851,22633
3852,SP1002
3853,22796
3854,90179A
3855,22769
3856,22766
3857,22767
3858,22768
3859,22760
3860,22762
3861,22763
3862,22765
3863,90197B
3864,35596
3865,22764
3866,22770
3867,22840
3868,22841
3869,22842
3870,22847
3871,22849
3872,22790
3873,22838
3874,22846
3875,22839
3876,22890
3877,22848
3878,22843
3879,22891
3880,22892
3881,22852
3882,22853
3883,22893
3884,22845
3885,22788
3886,22785
3887,22795
3888,22781
3889,22776
3890,22771
3891,22772
3892,22773
3893,22774
3894,22775
3895,22805
3896,22856
3897,22789
3898,22850
3899,22797
3900,22786
3901,22844
3902,22869
3903,22873
3904,22794
3905,22778
3906,22799
3907,22868
3908,22870
3909,22871
3910,22872
3911,22874
3912,22875
3913,22876
3914,22877
3915,22878
3916,35815P
3917,22882
3918,22761
3919,90081B
3920,22942
3921,22941
3922,22943
3923,22827
3924,22884
3925,22885
3926,22828
3927,22825
3928,22777
3929,22784
3930,22780
3931,22791
3932,22830
3933,22792
3934,22801
3935,22798
3936,22800
3937,22803
3938,22779
3939,22879
3940,22880
3941,22881
3942,22883
3943,22886
3944,22887
3945,22889
3946,22783
3947,22823
3948,22782
3949,22802
3950,22968
3951,90214U
3952,90214Y
3953,22955
3954,22888
3955,22953
3956,22956
3957,22833
3958,90176B
3959,22954
3960,22822
3961,22824
3962,22831
3963,90033
3964,22966
3965,22832
3966,22829
3967,90183A
3968,90051
3969,22722
3970,90118
3971,84402B
3972,90101
3973,44228
3974,22923
3975,22912
3976,22913
3977,22914
3978,90204
3979,22915
3980,22922
3981,22924
3982,22926
3983,22917
3984,22969
3985,22964
3986,90127A
3987,22965
3988,22927
3989,22916
3990,22918
3991,22920
3992,22921
3993,22925
3994,22858
3995,22919
3996,22928
3997,37477C
3998,22988
3999,22973
4000,22929
4001,22972
4002,90142D
4003,22975
4004,22974
4005,22976
4006,22977
4007,22962
4008,22960
4009,90011A
4010,79151B
4011,22930
4012,22931
4013,22932
4014,22937
4015,22935
4016,22936
4017,22933
4018,22934
4019,22826
4020,22861
4021,22720
4022,22723
4023,22721
4024,90136
4025,22970
4026,22971
4027,90022
4028,23231
4029,23230
4030,22957
4031,22967
4032,23233
4033,23232
4034,23166
4035,17028J
4036,22989
4037,22990
4038,37413
4039,90174
4040,90055
4041,22980
4042,22993
4043,22994
4044,22998
4045,23000
4046,23002
4047,23003
4048,23004
4049,23006
4050,22991
4051,22992
4052,79063D
4053,22995
4054,22996
4055,22999
4056,22978
4057,22997
4058,23005
4059,79062D
4060,22351
4061,23182
4062,22979
4063,23176
4064,23177
4065,23193
4066,23194
4067,22982
4068,23126
4069,23127
4070,23128
4071,22981
4072,23178
4073,23179
4074,23183
4075,23180
4076,23049
4077,23050
4078,23051
4079,23052
4080,23053
4081,23054
4082,23185
4083,23184
4084,23181
4085,23187
4086,23186
4087,79063C
4088,23009
4089,23007
4090,23008
4091,23010
4092,23077
4093,23076
4094,23078
4095,23154
4096,23155
4097,23156
4098,23159
4099,23158
4100,23157
4101,23254
4102,23256
4103,23255
4104,90025A
4105,37487B
4106,23199
4107,23201
4108,23204
4109,23205
4110,23206
4111,23207
4112,23208
4113,37468
4114,23065
4115,23060
4116,23057
4117,23066
4118,23068
4119,23075
4120,23153
4121,23073
4122,23146
4123,23061
4124,23055
4125,23056
4126,23132
4127,23135
4128,23140
4129,23141
4130,23071
4131,23152
4132,23133
4133,23134
4134,23147
4135,23148
4136,23144
4137,23136
4138,23138
4139,23139
4140,23142
4141,23150
4142,23145
4143,23253
4144,23137
4145,90135
4146,23069
4147,23067
4148,23131
4149,23163
4150,23284
4151,23283
4152,23162
4153,23040
4154,23041
4155,23042
4156,23048
4157,23064
4158,23130
4159,23160
4160,23161
4161,23164
4162,23149
4163,23143
4164,23298
4165,23299
4166,23070
4167,23151
4168,23043
4169,23045
4170,23209
4171,23200
4172,23203
4173,23072
4174,90076
4175,23044
4176,23046
4177,23047
4178,23202
4179,23190
4180,23280
4181,23282
4182,23191
4183,23170
4184,23171
4185,23172
4186,23173
4187,23174
4188,23175
4189,23081
4190,23084
4191,23281
4192,23118
4193,23096
4194,23091
4195,23094
4196,23080
4197,23108
4198,23110
4199,23192
4200,23082
4201,23100
4202,23102
4203,23093
4204,23109
4205,23103
4206,23112
4207,23079
4208,23111
4209,23167
4210,23104
4211,23168
4212,23165
4213,23169
4214,23101
4215,23089
4216,23107
4217,23106
4218,23087
4219,23088
4220,23300
4221,23301
4222,23302
4223,23090
4224,23083
4225,23092
4226,23085
4227,23099
4228,23086
4229,23129
4230,90050
4231,90141B
4232,23228
4233,23227
4234,23444
4235,23226
4236,23214
4237,23215
4238,23210
4239,23212
4240,23213
4241,23219
4242,23221
4243,23224
4244,23211
4245,23216
4246,23217
4247,23225
4248,23275
4249,23263
4250,23309
4251,23270
4252,23307
4253,23306
4254,23273
4255,23274
4256,23308
4257,23240
4258,23238
4259,23243
4260,23245
4261,23235
4262,23236
4263,23239
4264,23241
4265,23242
4266,23247
4267,23237
4268,23244
4269,23321
4270,23310
4271,23220
4272,23264
4273,23265
4274,23266
4275,23268
4276,23269
4277,23252
4278,23322
4279,23286
4280,23285
4281,23288
4282,23338
4283,23343
4284,23271
4285,23287
4286,23289
4287,23290
4288,23291
4289,23292
4290,23335
4291,23336
4292,23337
4293,23339
4294,23188
4295,23249
4296,23250
4297,23251
4298,23229
4299,23234
4300,23012
4301,23014
4302,23035
4303,23020
4304,23028
4305,23029
4306,23031
4307,23032
4308,23033
4309,23034
4310,23013
4311,23344
4312,23022
4313,23016
4314,23026
4315,23119
4316,23122
4317,23123
4318,23120
4319,23121
4320,23124
4321,23125
4322,23039
4323,23023
4324,23019
4325,23272
4326,23021
4327,23036
4328,23198
4329,23027
4330,23015
4331,23024
4332,23222
4333,23223
4334,23196
4335,23197
4336,23267
4337,23323
4338,23315
4339,23316
4340,23341
4341,23342
4342,23037
4343,23317
4344,23017
4345,23018
4346,23025
4347,23320
4348,23574
4349,23318
4350,23319
4351,90205A
4352,23038
4353,23313
4354,23293
4355,23294
4356,23295
4357,23296
4358,23297
4359,23311
4360,23314
4361,23312
4362,90031
4363,90141D
4364,23550
4365,23218
4366,23546
4367,23549
4368,23545
4369,23547
4370,23548
4371,84387A
4372,16169E
4373,84857B
4374,23345
4375,23346
4376,23347
4377,23340
4378,23360
4379,23359
4380,23353
4381,23354
4382,23373
4383,23436
4384,23374
4385,23438
4386,23189
4387,23349
4388,23350
4389,23351
4390,23352
4391,23324
4392,23329
4393,23332
4394,23330
4395,23333
4396,23334
4397,23327
4398,23328
4399,23331
4400,23326
4401,23325
4402,23357
4403,23358
4404,23375
4405,23356
4406,23355
4407,90176E
4408,23437
4409,23445
4410,23439
4411,23431
4412,23433
4413,23348
4414,DOT
4415,23432
4416,23376
4417,23378
4418,23551
4419,23393
4420,23394
4421,23395
4422,23396
4423,23407
4424,23427
4425,23397
4426,23377
4427,23399
4428,23398
4429,23411
4430,23404
4431,23406
4432,23414
4433,23424
4434,23405
4435,23379
4436,23380
4437,23381
4438,23402
4439,23403
4440,23426
4441,23425
4442,23412
4443,23392
4444,23400
4445,23415
4446,23417
4447,23409
4448,23413
4449,23401
4450,23408
4451,23410
4452,23559
4453,23421
4454,23422
4455,23423
4456,23418
4457,23419
4458,23434
4459,23435
4460,23391
4461,23389
4462,23390
4463,23074
4464,23388
4465,23416
4466,23058
4467,23420
4468,23113
4469,35819P
4470,23630
4471,23503
4472,23366
4473,23367
4474,23504
4475,23370
4476,23371
4477,23502
4478,23506
4479,23365
4480,23369
4481,23493
4482,23511
4483,23517
4484,23520
4485,23368
4486,23505
4487,23372
4488,23512
4489,23514
4490,23515
4491,23518
4492,23507
4493,23508
4494,23509
4495,23510
4496,23513
4497,20678
4498,23516
4499,23519
4500,23494
4501,23461
4502,23466
4503,23469
4504,23484
4505,23114
4506,23115
4507,23117
4508,23471
4509,23116
4510,23472
4511,23470
4512,23524
4513,23534
4514,23535
4515,23541
4516,23522
4517,23526
4518,23528
4519,23533
4520,23539
4521,23542
4522,23543
4523,23521
4524,23523
4525,23530
4526,23531
4527,23538
4528,23527
4529,23483
4530,23529
4531,23536
4532,23544
4533,23525
4534,23532
4535,23540
4536,23537
4537,23500
4538,23465
4539,23501
4540,90012A
4541,23468
4542,79157V
4543,23446
4544,23447
4545,23448
4546,23382
4547,23660
4548,23661
4549,23564
4550,23567
4551,23487
4552,23453
4553,23490
4554,23452
4555,23451
4556,23482
4557,23459
4558,23565
4559,23456
4560,23463
4561,23464
4562,23455
4563,23457
4564,23568
4565,23467
4566,23566
4567,23479
4568,23481
4569,23458
4570,23579
4571,23702
4572,23554
4573,23556
4574,23558
4575,23557
4576,23555
4577,23553
4578,23489
4579,23491
4580,23492
4581,23476
4582,23477
4583,23478
4584,23486
4585,23473
4586,23480
4587,23460
4588,23462
4589,23499
4590,23485
4591,23454
4592,23570
4593,23571
4594,23569
4595,23305
4596,23474
4597,23582
4598,23583
4599,23581
4600,23303
4601,23475
4602,23497
4603,23304
4604,23495
4605,23496
4606,23691
4607,23681
4608,23692
4609,23695
4610,23697
4611,23598
4612,23597
4613,23664
4614,23694
4615,23442
4616,23449
4617,23428
4618,23430
4619,23429
4620,23441
4621,23440
4622,23498
4623,23552
4624,23578
4625,23560
4626,23575
4627,23580
4628,23576
4629,23562
4630,23561
4631,23843
4632,21254
4633,79340W
4634,22003
4635,21701
4636,21053
4637,35631B
4638,79340P
4639,35001C
4640,21766
4641,21315
4642,85219
4643,47567
4644,21346
4645,20779
4646,CRUK
